{"xy_sens": 28.0, "targeting_sens": 100.0, "xy_scale": 0.35714285714285715, "targeting_scale": 0.35714285714285715}